zipcode,year,unemp_rate,med_income,med_rent,rent_burden,poverty_rate
10001,2023,0.06058065192327848,123393,3024,0.3822330181313438,0.15542521994134897
10002,2023,0.08320942932064557,46525,1207,0.49819655800212975,0.24904655488498442
10003,2023,0.04894631504591476,153750,2772,0.43494718847304475,0.12653263613415075
10004,2023,0.0015655577299412916,220592,3501,0.4777292576419214,0.04067357512953368
10005,2023,0.046999368288060644,211810,3501,0.37277829747427504,0.0458973803853648
10006,2023,0.0358227079538555,209972,3501,0.4261692065160273,0.12960893854748604
10007,2023,0.01977848101265823,250001,3501,0.36093023255813955,0.031057563587684068
10009,2023,0.05451708722133877,87963,1925,0.3933352842197674,0.1948938798620524
10010,2023,0.02326797385620915,156127,3113,0.394752534287418,0.09124136997427913
10011,2023,0.05136412132296906,146571,2868,0.4246560203348621,0.09067685681712621
10012,2023,0.04793289394847214,130938,2731,0.38996469455440247,0.11015284365866514
10013,2023,0.04362457170827215,159474,2378,0.42448795858654065,0.09925058013466732
10014,2023,0.07730049990742455,167254,2998,0.3620744259699129,0.06452491151647155
10016,2023,0.04732360728934116,153065,3321,0.4268298272148128,0.09775798293953349
10017,2023,0.04992141998705741,132518,2980,0.5691609977324263,0.10184008029441284
10018,2023,0.06815224463240079,133042,3501,0.46308724832214765,0.16463834672789895
10019,2023,0.04463200540175557,121835,2619,0.39730639730639733,0.1065301478953356
10021,2023,0.04163005731977742,156712,3002,0.35915366684597455,0.04995753223689291
10022,2023,0.05635054246165357,171038,2928,0.4288241415192508,0.06652373120300752
10023,2023,0.04827380062770886,157866,3050,0.4147948890383322,0.08652963846577354
10024,2023,0.02784151323521182,182614,2965,0.4108260845476204,0.07760884364768049
10025,2023,0.07042938578571567,109195,2009,0.4272455616101248,0.150904795813412
10026,2023,0.0835280095351609,74140,1546,0.4095126640474797,0.17681511470985156
10027,2023,0.10353667773699236,64220,1609,0.45274161544790203,0.2365030032127392
10028,2023,0.04824208500962043,168125,2702,0.38475475605021353,0.050344903098653235
10029,2023,0.1004254070705589,38308,1183,0.5227966486977983,0.30579425824099915
10030,2023,0.10326364099949005,42738,1204,0.567652721862419,0.32635969628833056
10031,2023,0.09249647390691114,65067,1787,0.5094558288995417,0.22961301553294056
10032,2023,0.14002310612312263,56588,1546,0.5541141018438123,0.2006711161916
10033,2023,0.11418288371500462,75585,1742,0.49419578745811393,0.16974120769741208
10034,2023,0.08150232225794926,69786,1621,0.46137261947538627,0.14589907386028375
10035,2023,0.11829302987197723,40556,1283,0.5341880341880342,0.37202896269478986
10036,2023,0.057964970809007504,100225,2301,0.45674780689014116,0.13750082732146401
10037,2023,0.10170749814402376,51250,1406,0.49392015495534275,0.2793979303857008
10038,2023,0.049622926093514326,115121,3140,0.40854455186830413,0.1799040876912537
10039,2023,0.1722632639355272,48792,1211,0.5217268089930096,0.2823993426458504
10040,2023,0.1485865947676623,64022,1680,0.502945668775911,0.16564688536675268
10044,2023,0.03373453127648754,106146,3305,0.5540009818360334,0.11429329090426943
10065,2023,0.03736263736263736,160938,2828,0.36993908993192404,0.060186383639658295
10069,2023,0.18648373983739838,226151,3501,0.3330392589325099,0.26555705503073923
10075,2023,0.03452319870996115,146556,2390,0.4634038800705467,0.12671834182690248
10128,2023,0.05217466543608676,148705,2648,0.37735571981007393,0.08534882136530862
10280,2023,0.020974800060359136,206250,3501,0.3192011212333567,0.03495616059067836
10282,2023,0.031371460299833426,250001,3501,0.3854166666666667,0.0639261744966443
10301,2023,0.07324791996324843,84937,1697,0.5170731707317073,0.17641418983700863
10302,2023,0.08319337140297839,76089,1800,0.6822955738934734,0.20029492525170345
10303,2023,0.09793694044375244,79429,1520,0.5036429872495446,0.18604561565726616
10304,2023,0.045227452011569816,71506,1516,0.5218796618597713,0.17795907389560034
10305,2023,0.05928030303030303,86294,1656,0.5059317393684979,0.08651794374393793
10306,2023,0.07606984661566057,97746,1743,0.5351569349465194,0.08914428526171284
10307,2023,0.010062026188835286,138807,1618,0.3552941176470588,0.02676760848992835
10308,2023,0.05262495278861891,122654,1729,0.33795411089866156,0.05798745495796076
10309,2023,0.04543365881677197,123638,1907,0.6311698406529344,0.059683453237410075
10310,2023,0.03993904884112599,106118,1638,0.4697745901639344,0.13291385069525363
10312,2023,0.03604347682447388,111434,1911,0.49111675126903553,0.0640673362390247
10314,2023,0.047863789707247494,104655,1726,0.46205945064593,0.10104604999837738
10451,2023,0.11991644073069914,37111,1269,0.6137875101378751,0.3206840824008346
10452,2023,0.11124690641327263,37854,1367,0.587881658529476,0.355759009248432
10453,2023,0.14238739983420834,35482,1393,0.5723630719195801,0.33661962755332175
10454,2023,0.1508730503945815,27500,1064,0.5900300816501933,0.42806292627072234
10455,2023,0.13525425596385873,36701,1130,0.5800735995638544,0.3295696285387007
10456,2023,0.12809179770505738,35676,1194,0.5485438487047313,0.3680182912603238
10457,2023,0.12934094329443166,44911,1400,0.5594059405940595,0.34141689026794003
10458,2023,0.13588418332366436,42107,1548,0.6100569944448453,0.297992822012495
10459,2023,0.1400959561343386,39276,1285,0.595126582278481,0.33473628563295516
10460,2023,0.16175788083253007,36067,1332,0.5946904398364774,0.3394179239838404
10461,2023,0.07140025372660957,65023,1741,0.5662438875305623,0.1675797615211086
10462,2023,0.09088744875016533,63460,1711,0.5408418557696528,0.194553726749632
10463,2023,0.08549780175236195,72952,1611,0.5065252430718037,0.19701634613954458
10464,2023,0.10556186152099886,100306,1993,0.6136012364760433,0.05920898666042593
10465,2023,0.07401109718990513,90255,1774,0.49170416197975253,0.1385631486723278
10466,2023,0.09671258247482348,66328,1528,0.5300193243153195,0.19921628805524347
10467,2023,0.10377851297231412,47806,1505,0.5549901559897017,0.2678180722764219
10468,2023,0.12344836635612125,46624,1594,0.6267675609569671,0.26681785750688003
10469,2023,0.0845100168959691,76018,1653,0.561426116838488,0.1514671248500289
10470,2023,0.051920086134705105,81134,1656,0.48224695283518815,0.11137011137011137
10471,2023,0.06881516587677725,108738,1729,0.43828264758497315,0.0614793934681182
10472,2023,0.09504002511379689,43125,1445,0.5791948122129155,0.3145405746763499
10473,2023,0.11681623688893937,50609,1131,0.5239381291431378,0.2405723478113623
10474,2023,0.10197431474027219,41279,1406,0.6013381655979928,0.3145919518616021
10475,2023,0.07173772449131884,62383,1221,0.4878687888198758,0.15432467998564423
11004,2023,0.04915014164305949,109865,1967,0.3474903474903475,0.11654739301884037
11101,2023,0.061752988047808766,116807,2740,0.37692115456703734,0.13742909684270507
11102,2023,0.05675675675675676,102996,2248,0.40407002577090556,0.1233448731218102
11103,2023,0.07605274351339855,92787,2120,0.44388622090875507,0.10270499929188501
11104,2023,0.06253896994637735,84716,1924,0.48360570417403975,0.08779539335925815
11105,2023,0.07940244842051195,100306,2211,0.425530172766724,0.09161397757135795
11106,2023,0.08916868570520714,85573,2032,0.43333757799567046,0.14732660564040564
11109,2023,0.020775069916100678,198773,3501,0.29975936748023374,0.02707092582566324
11201,2023,0.05284234752589183,169285,3207,0.36751696700210623,0.10381320597377
11203,2023,0.0799706913696551,68028,1566,0.5295470726764883,0.16045257903494176
11204,2023,0.07456103385306925,67588,1751,0.5603495691499114,0.2020029884290989
11205,2023,0.08564210875056943,86753,2307,0.48878923766816146,0.26707220532477816
11206,2023,0.08445081139475352,57280,1558,0.5099580363684807,0.3313108159733927
11207,2023,0.10411791179117912,55419,1443,0.514854553201379,0.2726377313562074
11208,2023,0.06918238993710692,59988,1563,0.5176608644631332,0.20100834000848136
11209,2023,0.06306984750275678,92656,1857,0.4327332410114377,0.11303964632464782
11210,2023,0.07658860586140784,83261,1734,0.5055398301657905,0.11213474161196815
11211,2023,0.07496188167070762,105183,2357,0.4095399747573661,0.21198008917119648
11212,2023,0.13823917942342062,40060,1231,0.5829534121669754,0.33709829541533437
11213,2023,0.09955862068965517,62040,1607,0.5182108346814743,0.22313327410686978
11214,2023,0.0703177018928945,64286,1710,0.5215757102411402,0.18883886551524706
11215,2023,0.06048053024026512,180773,2803,0.32436735854421384,0.059763616217291246
11216,2023,0.0676214887826018,95000,2180,0.45050593928728555,0.15920990803517487
11217,2023,0.05323361196656401,158314,2800,0.4003452492267856,0.1014603053798221
11218,2023,0.059786166266637575,95916,1966,0.498670623879305,0.12431037172559531
11219,2023,0.07972760901244255,55685,1678,0.5918953238005852,0.31795363709032776
11220,2023,0.07674004892150323,64201,1688,0.546655616224649,0.23319378917757547
11221,2023,0.08151027207107163,85122,2055,0.4811534646450333,0.21947386478081388
11222,2023,0.07675535720369298,123963,2595,0.36480738122341383,0.09545189787399282
11223,2023,0.08314665580542868,63950,1653,0.5577149587750294,0.19453256920636544
11224,2023,0.1321150899494921,41449,905,0.5548580595661575,0.2824814587867391
11225,2023,0.0733668041360349,85201,1733,0.4479532742661981,0.14249570955927884
11226,2023,0.06491551241630947,81084,1751,0.46909005352626315,0.15297239701654572
11228,2023,0.05995261809215298,80737,1828,0.5362255331580486,0.13216738350402776
11229,2023,0.0501813784764208,72556,1666,0.48477079899896236,0.15770947262555787
11230,2023,0.06413780927640042,69522,1734,0.5417002237136466,0.1905993618960802
11231,2023,0.07061801675977654,138485,2474,0.30955457913328166,0.12952088111500365
11232,2023,0.05909988425137877,87517,1972,0.4847414523876801,0.17063331988705124
11233,2023,0.07701289224033082,62034,1613,0.5009717980246717,0.23593698600095034
11234,2023,0.060728651879094354,94434,1771,0.4780543416302489,0.09744228286820732
11235,2023,0.06073830672074755,61689,1649,0.5842171490203127,0.17438668513206054
11236,2023,0.07243734762459092,82813,1637,0.4607320324809114,0.1331146775357704
11237,2023,0.08889596377657505,82570,2109,0.5492303778145274,0.20833240898906316
11238,2023,0.06474669459353319,132957,2511,0.3754573170731707,0.11731409736483338
11239,2023,0.08871730223763,35675,1016,0.5183885640025991,0.2480800705023291
11354,2023,0.04952581664910432,62833,1766,0.5596010764603451,0.18084141629209052
11355,2023,0.07574575204531152,53700,1664,0.5744898909904034,0.2177673153906191
11356,2023,0.10417752624916227,91445,2160,0.5689411764705883,0.09349125607990198
11357,2023,0.07681372797888003,97754,2228,0.5131437768240343,0.09089393325869995
11358,2023,0.0708551107279487,88729,2086,0.5018119397291627,0.1041289189040795
11360,2023,0.037366548042704624,100250,2329,0.41594136509390744,0.07668932838895756
11361,2023,0.049348230912476726,108391,2315,0.4189341128850911,0.09272879932829554
11362,2023,0.051235230934479056,118989,2548,0.3917079207920792,0.0572252412110458
11363,2023,0.04775048302511731,110833,2235,0.6769041769041769,0.08915502328675981
11364,2023,0.04978343110916169,101222,2330,0.4766262676230522,0.06980323183467077
11365,2023,0.0612657297694498,85375,1869,0.442989306740358,0.0946876878265292
11366,2023,0.04790152751001038,117402,2101,0.33194444444444443,0.10614916997895721
11367,2023,0.05553359683794466,75804,1774,0.5076963214192538,0.13982905982905983
11368,2023,0.059728918402619846,71798,1925,0.5302763333190081,0.18342801770819478
11369,2023,0.06760188656427621,80577,1983,0.5351769911504425,0.151064288574685
11370,2023,0.09678659286592865,74895,2071,0.4982214317474433,0.10758180367118915
11372,2023,0.08498113611430712,77133,1795,0.5144181566431882,0.14902726658153684
11373,2023,0.054890403389206116,71470,1913,0.5727649395583273,0.11771705193788201
11374,2023,0.05648823161841283,86333,1957,0.5089422585590189,0.14271100857528404
11375,2023,0.04021034609269904,104319,2126,0.4463538086608761,0.07920157120525873
11377,2023,0.049025166833864,73292,1802,0.4878587196467991,0.10788846348334899
11378,2023,0.06907605604674008,84762,1932,0.5496940631718208,0.1317326930772309
11379,2023,0.04404320826592913,92509,1989,0.4719409644757165,0.07294684682245269
11385,2023,0.06468492730402768,87365,1959,0.44386761842959116,0.11464414957780458
11411,2023,0.05454375642103297,118393,1605,0.590080971659919,0.059988208705905474
11412,2023,0.04308935269789362,98418,1630,0.5057952350289762,0.09637061510057332
11413,2023,0.04276485788113695,114766,2038,0.45180240320427234,0.05933982490619975
11414,2023,0.08332114118507682,98209,1991,0.4842417500926956,0.061466709552910906
11415,2023,0.065506222670703,88632,1909,0.49136760426770126,0.09379855911851956
11416,2023,0.0724702380952381,85544,1964,0.5240526740123622,0.15033298017254426
11417,2023,0.061529933481152994,86330,1853,0.5206463195691203,0.12282812082330928
11418,2023,0.05632363225563505,84927,1788,0.49158249158249157,0.09877372753233664
11419,2023,0.08094670666064017,91231,1920,0.6154932418801694,0.11570974939924476
11420,2023,0.09391707481212846,98584,2032,0.5682451253481894,0.10834735239926299
11421,2023,0.07538110111416717,89439,1901,0.47502638058389024,0.09919013832150791
11422,2023,0.06835184765359328,108519,2327,0.5562671546203111,0.08473854020819382
11423,2023,0.09426495393797846,80870,1706,0.5283425017938292,0.1052115781736726
11426,2023,0.05920426422996383,107591,2158,0.5189473684210526,0.0714978805985394
11427,2023,0.0685869924067349,92129,1697,0.4859154929577465,0.11493881507208917
11428,2023,0.08189869638770027,84977,1827,0.6602364654635967,0.09018143009605123
11429,2023,0.10565320041972717,98232,1605,0.5470265710670603,0.08622997070206533
11432,2023,0.08268825910931174,75395,1841,0.5413457798521976,0.1518183134157914
11433,2023,0.1342663459435819,71177,1529,0.5748544021925317,0.12351468002344541
11434,2023,0.0955970432699331,76668,1409,0.4847600240405255,0.11772751183587586
11435,2023,0.11404772342957349,79430,1820,0.5073163138231631,0.1426944185564875
11436,2023,0.06766984240049861,86104,2079,0.5505514705882353,0.12353970581279856
11691,2023,0.09622277364212849,57027,1444,0.554564302318276,0.20830074011673386
11692,2023,0.0895688175300414,49507,1274,0.599587009573869,0.27168066853358225
11693,2023,0.1081376297105407,67829,1198,0.4790665751544269,0.18116557313778464
11694,2023,0.07879756316788175,103792,1787,0.4392570281124498,0.11695990770118257
11697,2023,0.028423772609819122,134844,-666666666,0.21428571428571427,0.04996361872422993
